[
  {
    "Description": "Best Buy",
    "UserId": "george",
    "LoginUrl": "http://bestbuy.com",
    "AccountNum": "101",
    "Password": {
      "Value": "georgeiscool",
      "StrengthNum": "36",
      "StrengthText": "weak",
      "LastReset": "2022-06-08 8:48:08 PM"
    }
  },
  {
    "Description": "Fanshawe",
    "UserId": "KAigenriatna",
    "LoginUrl": "http://fanshawec.ca",
    "AccountNum": "0001",
    "Password": {
      "Value": "osamIsCool12345",
      "StrengthNum": "100",
      "StrengthText": "very strong",
      "LastReset": "2022-06-08 8:54:48 PM"
    }
  },
  {
    "Description": "Reddit",
    "UserId": "bane",
    "LoginUrl": "http://reddit.com",
    "AccountNum": "1002034",
    "Password": {
      "Value": "thisIsNotAGoodPassword",
      "StrengthNum": "82",
      "StrengthText": "very strong",
      "LastReset": "2022-06-08 8:55:46 PM"
    }
  }
]