{
  "$schema": "http://json-schema.org/draft-04/schema",
  "title": "JSON Schema for my JSON file format",

  "definitions": {
    "passwordType": {
      "description": "Defines an object containing information about a password",
      "type": "object",
      "required": [ "Value", "StrengthNum", "StrengthText" ],
      "properties": {
        "Value": {
          "type": "string",
          "description": "Users password for logging in"
        },
        "StrengthNum": {
          "type": "integer",
          "description": "Indicates how secure the password is",
          "minimum": 0,
          "maximum": 100
        },
        "StrengthText": {
          "description": "Indicates how secure the password is",
          "type": "string",
          "enum": [ "very weak", "weak", "good", "strong", "very strong" ]
        },
        "LastReset": {
          "description": "Date the password was last updated",
          "type": "string"
        }
      },
      "additionalItems": false
    }
  },
  "type": "array",
  "required": [ "Description", "UserId", "Password" ],
  "properties": {
    "Description": {
      "type": "string",
      "description": "A description of the online account."
    },
    "UserId": {
      "type": "string",
      "description": "User's identifier for logging - in"
    },
    "LoginUrl": {
      "type": "string",
      "description": "Web address of the account's log - in page",
      "format": "uri"
    },
    "AccountNum": {
      "type": "string",
      "description": "The account number for the user's online account"
    },
    "Password": {
      "type": "object",
      "description": "infornation related specifically to the password",
      // "format": "uri",
      "items": { "$ref": "#/definitions/passwordType" }
    }
  }

}
