[
  {
    "Description": "Netflix",
    "UserId": "nf@gmail.com",
    "LoginUrl": "http://www.netflix.com",
    "AccountNum": "353454",
    "Password": {
      "Value": "abcd",
      "StrengthNum": 82,
      "StrengthText": "weak",
      "LastReset": "2022-03-22"
    }
  },
  {
    "Description": "Fanshawe",
    "UserId": "fs@gmail.com",
    "LoginUrl": "http://www.fanshawec.ca",
    "AccountNum": "353454",
    "Password": {
      "Value": "abcd",
      "StrengthNum": 82,
      "StrengthText": "weak",
      "LastReset": "2022-03-22"
    }
  },
  {
    "Description": "Twitter",
    "UserId": "tw@gmail.com",
    "LoginUrl": "http://www.twitter.com",
    "AccountNum": "353454",
    "Password": {
      "Value": "abcd",
      "StrengthNum": 82,
      "StrengthText": "weak",
      "LastReset": "2022-03-22"
    }
  }
]{"Description":"poop","UserId":4,"LoginUrl":"https","AccountNum":null}