[
  {
    "Description": "Netflix",
    "UserId": "nf@gmail.com",
    "LoginUrl": "http://www.netflix.com",
    "AccountNum": "353454",
    "Password": {
      "Value": "abcd",
      "StrengthNum": 82,
      "StrengthText": "weak",
      "LastReset": "2022-03-22"
    }
  },
  {
    "Description": "Fanshawe",
    "UserId": "fs@gmail.com",
    "LoginUrl": "http://www.fanshawec.ca",
    "AccountNum": "353454",
    "Password": {
      "Value": "abcd",
      "StrengthNum": 82,
      "StrengthText": "weak",
      "LastReset": "2022-03-22"
    }
  },
  {
    "Description": "Twitter",
    "UserId": "tw@gmail.com",
    "LoginUrl": "http://www.twitter.com",
    "AccountNum": "353454",
    "Password": {
      "Value": "abcd",
      "StrengthNum": 82,
      "StrengthText": "weak",
      "LastReset": "2022-03-22"
    }
  },
  {
    "Description": "Best Buy",
    "UserId": "george",
    "LoginUrl": "http://bestbuy.com",
    "AccountNum": "123456",
    "Password": {
      "Value": "georgeiscool123",
      "StrengthNum": "very strong",
      "StrengthText": "82",
      "LastReset": "2022-06-08 6:37:34 PM"
    }
  },
  {
    "Description": "Test",
    "UserId": "Admin",
    "LoginUrl": "http://admin.com",
    "AccountNum": "0000",
    "Password": {
      "Value": "Admin1",
      "StrengthNum": "weak",
      "StrengthText": "36",
      "LastReset": "2022-06-08 7:09:18 PM"
    }
  }
]